INSERT INTO Alkalmazott
VALUES
(146932673, "Csülök Janka", "Csülök.Janka@gmail.com", 570493, "1983-5-12", 06708429056),
(146337081, "Kiss Róbert", "Kiss.Róbert@gmail.com", 412835, "1962-6-4", 06209738274),
(146205734, "Varga Mátyás", "Varga.Mátyás@gmail.com", 528852, "1971-12-7", 06708233316),
(146751077, "Horváth József", "Horváth.József@gmail.com", 467237, "1980-11-27", 06703735510),
(146751768, "Fekete László", "Fekete.László@gmail.com", 583059, "1966-11-26", 06209072633),
(146762823, "Dán Krisztina", "Dán.Krisztina@gmail.com", 424006, "1964-11-21", 06303008920),
(146015471, "Nagy Blanka", "Nagy.Blanka@gmail.com", 498232, "1978-7-27", 06205085772),
(146269962, "Tóth Balázs", "Tóth.Balázs@gmail.com", 480574, "2000-8-7", 06202634363),
(146516275, "Wenger Attila", "Wenger.Attila@gmail.com", 408192, "1967-6-28", 06306267810),
(146148886, "Rácz Kristóf", "Rácz.Kristóf@gmail.com", 587673, "1976-2-2", 06204986204),
(146524225, "Lakatos János", "Lakatos.János@gmail.com", 420047, "1939-6-11", 06307620456),
(146845026, "Gál Ferenc", "Gál.Ferenc@gmail.com", 405793, "1951-0-17", 06705336255),
(146512422, "Balog Ádám", "Balog.Ádám@gmail.com", 503767, "1943-8-25", 06703218928),
(146079068, "Balogh Hunor", "Balogh.Hunor@gmail.com", 590318, "1957-9-26", 06308799264),
(146552800, "Török Hanna", "Török.Hanna@gmail.com", 405588, "1954-11-4", 06207711628),
(146302635, "Magyar Balázs", "Magyar.Balázs@gmail.com", 573068, "1942-11-18", 06307041242),
(146011994, "Friss Zsigmond", "Friss.Zsigmond@gmail.com", 446061, "1962-4-19", 06206728167),
(146419526, "Békés Csaba", "Békés.Csaba@gmail.com", 492399, "1969-2-11", 06205006411),
(146148644, "Kasza Ferenc", "Kasza.Ferenc@gmail.com", 548372, "1981-6-27", 06703630033),
(146001027, "Szabó Ádám", "Szabó.Ádám@gmail.com", 590768, "1940-6-24", 06702888089),
(146653495, "Molnár Barnabás", "Molnár.Barnabás@gmail.com", 403851, "1986-3-8", 06301603668),
(146721283, "Farkas Benedek", "Farkas.Benedek@gmail.com", 588008, "1958-2-15", 06202199465),
(146565945, "Juhász Boldizsár", "Juhász.Boldizsár@gmail.com", 557063, "1979-9-23", 06202385913),
(146123482, "Oláh Csongor", "Oláh.Csongor@gmail.com", 487841, "1957-9-17", 06301098702),
(146276466, "Mészáros Dániel", "Mészáros.Dániel@gmail.com", 461619, "1992-10-11", 06307894279),
(146442736, "Simon Nándor", "Simon.Nándor@gmail.com", 553323, "1994-1-18", 06304846247),
(146801821, "Fehér Nolen", "Fehér.Nolen@gmail.com", 466142, "1948-5-18", 06204915741),
(146168527, "Barna Olivér", "Barna.Olivér@gmail.com", 488155, "1981-0-13", 06205770115),
(146580053, "Balázs Patrik", "Balázs.Patrik@gmail.com", 480784, "1969-9-6", 06205003355),
(146631938, "Kovács Péter", "Kovács.Péter@gmail.com", 504852, "1957-2-23", 06302108878),
(146018698, "Papp Aranka", "Papp.Aranka@gmail.com", 557686, "1977-2-26", 06703894945),
(146108496, "Lukács Lili", "Lukács.Lili@gmail.com", 425467, "1950-12-7", 06301971452),
(146867321, "Király Lilla", "Király.Lilla@gmail.com", 430403, "1987-12-11", 06208764147),
(146362694, "Bogdán Péter", "Bogdán.Péter@gmail.com", 470735, "1958-5-10", 06702528949),
(146806449, "Jakab Fruzsina", "Jakab.Fruzsina@gmail.com", 574456, "1947-10-23", 06202348464),
(146652346, "Katona Kamilla", "Katona.Kamilla@gmail.com", 410382, "1988-6-10", 06205244007),
(146276584, "Boros József", "Boros.József@gmail.com", 454832, "1983-12-14", 06307881547),
(146372240, "Fazekas Franciska", "Fazekas.Franciska@gmail.com", 516169, "1946-5-4", 06206904035),
(146434753, "Deák Simon", "Deák.Simon@gmail.com", 454991, "1984-7-21", 06203718422),
(146255055, "Mezei Anikó", "Mezei.Anikó@gmail.com", 408943, "1937-5-8", 06702934774),
(146100106, "Barta Gábor", "Barta.Gábor@gmail.com", 595569, "1959-0-1", 06301774986),
(146079514, "Bartók Béla", "Bartók.Béla@gmail.com", 528496, "1961-10-19", 06304907885),
(146291437, "Bartha Dóra", "Bartha.Dóra@gmail.com", 401244, "1958-8-2", 06302958342),
(146776957, "Csabai Csaba", "Csabai.Csaba@gmail.com", 412346, "1994-7-2", 06201193756),
(146229443, "Illés Mihály", "Illés.Mihály@gmail.com", 530344, "1968-2-11", 06303449202),
(146603000, "Székely Kamilla", "Székely.Kamilla@gmail.com", 563212, "1957-1-25", 06304197148),
(146632474, "Budai Csaba", "Budai.Csaba@gmail.com", 464051, "1983-1-21", 06709672565),
(146038496, "Nemes Nimród", "Nemes.Nimród@gmail.com", 539947, "1984-2-13", 06703908344),
(146916109, "Pataki Szilárd", "Pataki.Szilárd@gmail.com", 501296, "1962-12-7", 06208650641),
(146990759, "Tóth Lóránt", "Tóth.Lóránt@gmail.com", 580149, "1974-3-24", 06207195933),
(146190163, "Faragó Martin", "Faragó.Martin@gmail.com", 402405, "1969-2-26", 06702300346),
(146741476, "Kerekes Márk", "Kerekes.Márk@gmail.com", 430740, "1964-4-9", 06202718516),
(146951989, "Lőrincz Kevin", "Lőrincz.Kevin@gmail.com", 555993, "1930-11-16", 06707182011),
(146309576, "Koczka Kolos", "Koczka.Kolos@gmail.com", 586846, "1939-8-15", 06306775431),
(146419510, "Hegedűs Károly", "Hegedűs.Károly@gmail.com", 426645, "1989-11-20", 06208635002),
(146687705, "Hajdu László", "Hajdu.László@gmail.com", 442190, "1932-7-4", 06202571700),
(146352780, "Hajdú István", "Hajdú.István@gmail.com", 593994, "1976-11-1", 06301348935),
(146120780, "Bálint Béla", "Bálint.Béla@gmail.com", 524398, "1955-3-6", 06208925276),
(146077796, "Vass Vica", "Vass.Vica@gmail.com", 484892, "1967-5-11", 06303897689),
(146020472, "Köteles Zsombor", "Köteles.Zsombor@gmail.com", 531028, "1959-7-22", 06303378551),
(146569013, "Zoboki Zoltán", "Zoboki.Zoltán@gmail.com", 594568, "1956-5-22", 06309611165),
(146964261, "Patyi Csenge", "Patyi.Csenge@gmail.com", 494288, "1981-6-24", 06303688570),
(146511238, "Fülöp Norbert", "Fülöp.Norbert@gmail.com", 495822, "1971-6-8", 06706489177),
(146786491, "Hegyi Antal ", "Hegyi.Antal@gmail.com", 499309, "1938-10-19", 06703990771),
(146314830, "Somogyi Rita", "Somogyi.Rita@gmail.com", 448369, "1953-2-9", 06705965906),
(146649154, "Váradi Miklós", "Váradi.Miklós@gmail.com", 595657, "1992-5-14", 06702021814),
(146953018, "Bogdán Veronika", "Bogdán.Veronika@gmail.com", 561267, "1995-6-26", 06205583104),
(146176026, "Kelemen István", "Kelemen.István@gmail.com", 566332, "1937-6-11", 06308042691),
(146476289, "Vincze Elek", "Vincze.Elek@gmail.com", 450479, "1975-1-19", 06306844881),
(146229592, "Orosz Ráchel", "Orosz.Ráchel@gmail.com", 480760, "1949-6-24", 06708758752),
(146500828, "Antal Ferenc", "Antal.Ferenc@gmail.com", 540278, "1933-10-2", 06308501260),
(146690214, "Forgács Luca", "Forgács.Luca@gmail.com", 440352, "1948-10-24", 06702249234),
(146410188, "Lévárdi Melinda", "Lévárdi.Melinda@gmail.com", 444159, "1980-12-4", 06702555783),
(146725887, "Gyetvai Attila", "Gyetvai.Attila@gmail.com", 449347, "1954-10-9", 06307510829),
(146402529, "Mészáros Károly", "Mészáros.Károly@gmail.com", 529055, "1999-0-8", 06307076783),
(146130271, "Szűcs Csongor", "Szűcs.Csongor@gmail.com", 410668, "1981-4-5", 06708074674),
(146050635, "Halász János", "Halász.János@gmail.com", 474540, "1952-10-23", 06308374639),
(146183006, "Pásztor Marcell", "Pásztor.Marcell@gmail.com", 511970, "1971-9-28", 06707974468),
(146454651, "Bakos Berta", "Bakos.Berta@gmail.com", 540309, "1997-9-1", 06203589167),
(146556483, "Bajáki Pál", "Bajáki.Pál@gmail.com", 457015, "1980-7-5", 06303519255),
(146167451, "Bende Kornél", "Bende.Kornél@gmail.com", 598020, "1973-12-23", 06307077268),
(146874035, "Magyar Patrik", "Magyar.Patrik@gmail.com", 406001, "2000-6-27", 06702975708),
(146085425, "Miller Gábor", "Miller.Gábor@gmail.com", 478747, "1955-3-27", 06707080578),
(146351800, "Ficsúr Fülöp", "Ficsúr.Fülöp@gmail.com", 554021, "1971-1-24", 06305447364),
(146087623, "Piskóta Erik", "Piskóta.Erik@gmail.com", 522728, "1949-8-2", 06301139995),
(146569751, "Kassai Erik", "Kassai.Erik@gmail.com", 595429, "1982-2-9", 06206225536),
(146671534, "Mónus József", "Mónus.József@gmail.com", 591020, "1947-1-6", 06205239522),
(146891344, "Rehák Botond", "Rehák.Botond@gmail.com", 468337, "1948-2-16", 06308340854),
(146219993, "Retek Benjámin", "Retek.Benjámin@gmail.com", 404897, "1989-12-25", 06208077713),
(146416368, "Kelepes Zoltán", "Kelepes.Zoltán@gmail.com", 544510, "1991-11-11", 06205641064),
(146416591, "Gyulai Csaba", "Gyulai.Csaba@gmail.com", 523358, "1940-8-23", 06207122396),
(146815006, "Szegedi István", "Szegedi.István@gmail.com", 467897, "1933-8-13", 06202766513),
(146271955, "Seprű László", "Seprű.László@gmail.com", 404478, "1958-6-27", 06204147824),
(146952654, "Avas Amanda", "Avas.Amanda@gmail.com", 581971, "1942-5-26", 06703296491),
(146232551, "Plank Tamás ", "Plank.Tamás@gmail.com", 474874, "1942-10-25", 06705272772),
(146724894, "Ring Erika", "Ring.Erika@gmail.com", 422713, "1969-9-15", 06204644876),
(146685002, "Krepp Imre", "Krepp.Imre@gmail.com", 557889, "1954-5-5", 06302299721),
(146700154, "Elekes Gergő", "Elekes.Gergő@gmail.com", 492980, "1960-5-1", 06205175427),
(146706936, "Drankó Herold", "Drankó.Herold@gmail.com", 592944, "1947-11-9", 06306242100),
(146965114, "Csapó Elemér", "Csapó.Elemér@gmail.com", 574920, "1986-7-2", 06705923547);

INSERT INTO Gyár
VALUES
("Dunaújvárosi Lego Gyár", 2970458, 2004, "Dunaújváros", 2009153899),
("Keszthelyi Lego Gyár", 3223050, 1988, "Keszthely", 2039996690),
("Gyöngyösi Lego Gyár", 3521381, 2003, "Gyöngyös", 2041823151),
("Mátészalkai Lego Gyár", 2863606, 1985, "Mátészalka", 2014454090),
("Komáromi Lego Gyár", 3207477, 2002, "Komárom", 2070195651),
("Komlói Lego Gyár", 3544061, 1951, "Komló", 2028938528),
("Kisbéri Lego Gyár", 3580390, 1942, "Kisbér", 2003185697),
("Sárbogárdi Lego Gyár", 3850639, 1975, "Sárbogárd", 2048549427),
("Kazincbarcikai Lego Gyár", 3336268, 1998, "Kazincbarcika", 2122967526),
("Szentesi Lego Gyár", 3449940, 1960, "Szentes", 2026263523),
("Győri Lego Gyár", 2672255, 1938, "Győr", 2045902913),
("Salgótarjáni Lego Gyár", 3087635, 1948, "Salgótarján", 2063005124),
("Debreceni Lego Gyár", 3458979, 2003, "Debrecen", 2125041322),
("Zalaegerszegi Lego Gyár", 3921405, 1976, "Zalaegerszeg", 2057044060),
("Kunszentmiklósi Lego Gyár", 3726636, 1946, "Kunszentmiklós", 2102655122),
("Soproni Lego Gyár", 2867668, 1949, "Sopron", 2041585049),
("Jázsberényi Lego Gyár", 3919072, 2008, "Jázsberény", 2037393913),
("Nyíregyházai Lego Gyár", 2993354, 1990, "Nyíregyháza", 2078432500),
("Szombathelyi Lego Gyár", 3073468, 1955, "Szombathely", 2089290623),
("Miskolci Lego Gyár", 3252817, 1961, "Miskolc", 2094131637),
("Székesfehérvári Lego Gyár", 3019922, 1938, "Székesfehérvár", 2083121635),
("Kaposfüredi Lego Gyár", 3077058, 2013, "Kaposfüred", 2083596503),
("Budapesti Lego Gyár", 2855787, 1982, "Budapest", 2029038403),
("Gyulai Lego Gyár", 3840330, 1945, "Gyula", 2068910888),
("Gyáli Lego Gyár", 2714520, 1977, "Gyál", 2055480488),
("Tolnai Lego Gyár", 3084373, 1992, "Tolna", 2043466683),
("Miskei Lego Gyár", 3665290, 1974, "Miske", 2016945481),
("Szegedi Lego Gyár", 3484010, 2018, "Szeged", 2063225559),
("Szolnoki Lego Gyár", 3897991, 2003, "Szolnok", 2109999475),
("Bajai Lego Gyár", 3652631, 1923, "Baja", 2084482377),
("Esztergomi Lego Gyár", 3129663, 1994, "Esztergom", 2035035396),
("Csurgói Lego Gyár", 3615523, 1971, "Csurgó", 2048250379),
("Monori Lego Gyár", 3852685, 1944, "Monor", 2138272698),
("Karcagi Lego Gyár", 3094937, 1932, "Karcag", 2007668912),
("Abonyi Lego Gyár", 2993896, 1942, "Abony", 2073014137),
("Siófoki Lego Gyár", 3205645, 1966, "Siófok", 2083720547),
("Pécsi Lego Gyár", 3205511, 1928, "Pécs", 2111162622),
("Kaposvári Lego Gyár", 2502241, 1976, "Kaposvár", 2079625844),
("Bugaci Lego Gyár", 2917896, 1935, "Bugac", 2094050164),
("Mezőcsáti Lego Gyár", 2993794, 1959, "Mezőcsát", 2014390484),
("Algyői Lego Gyár", 2587517, 1987, "Algyő", 2024673331),
("Vecsési Lego Gyár", 3657555, 1952, "Vecsés", 2123189197),
("Ceglédi Lego Gyár", 2732543, 2009, "Cegléd", 2064906063),
("Örkényi Lego Gyár", 3178693, 1999, "Örkény", 2134119692);

INSERT INTO Beosztás
VALUES
("Dunaújvárosi Lego Gyár", 146932673),
("Keszthelyi Lego Gyár", 146337081),
("Gyöngyösi Lego Gyár", 146205734),
("Mátészalkai Lego Gyár", 146751077),
("Komáromi Lego Gyár", 146751768),
("Komlói Lego Gyár", 146762823),
("Kisbéri Lego Gyár", 146015471),
("Sárbogárdi Lego Gyár", 146269962),
("Kazincbarcikai Lego Gyár", 146516275),
("Szentesi Lego Gyár", 146148886),
("Kisbéri Lego Gyár", 146524225),
("Győri Lego Gyár", 146845026),
("Salgótarjáni Lego Gyár", 146512422),
("Sárbogárdi Lego Gyár", 146079068),
("Debreceni Lego Gyár", 146552800),
("Zalaegerszegi Lego Gyár", 146302635),
("Kunszentmiklósi Lego Gyár", 146011994),
("Soproni Lego Gyár", 146419526),
("Jázsberényi Lego Gyár", 146148644),
("Keszthelyi Lego Gyár", 146001027),
("Nyíregyházai Lego Gyár", 146653495),
("Gyöngyösi Lego Gyár", 146721283),
("Szombathelyi Lego Gyár", 146565945),
("Komlói Lego Gyár", 146123482),
("Miskolci Lego Gyár", 146276466),
("Székesfehérvári Lego Gyár", 146442736),
("Kaposfüredi Lego Gyár", 146801821),
("Budapesti Lego Gyár", 146168527),
("Kaposfüredi Lego Gyár", 146580053),
("Komáromi Lego Gyár", 146631938),
("Székesfehérvári Lego Gyár", 146018698),
("Gyulai Lego Gyár", 146108496),
("Gyáli Lego Gyár", 146867321),
("Tolnai Lego Gyár", 146362694),
("Tolnai Lego Gyár", 146806449),
("Kazincbarcikai Lego Gyár", 146652346),
("Miskei Lego Gyár", 146276584),
("Komlói Lego Gyár", 146372240),
("Gyöngyösi Lego Gyár", 146434753),
("Szegedi Lego Gyár", 146255055),
("Jázsberényi Lego Gyár", 146100106),
("Salgótarjáni Lego Gyár", 146079514),
("Szolnoki Lego Gyár", 146291437),
("Komlói Lego Gyár", 146776957),
("Szentesi Lego Gyár", 146229443),
("Kazincbarcikai Lego Gyár", 146603000),
("Nyíregyházai Lego Gyár", 146632474),
("Bajai Lego Gyár", 146038496),
("Szolnoki Lego Gyár", 146916109),
("Esztergomi Lego Gyár", 146990759),
("Mátészalkai Lego Gyár", 146190163),
("Gyulai Lego Gyár", 146741476),
("Székesfehérvári Lego Gyár", 146951989),
("Csurgói Lego Gyár", 146309576),
("Debreceni Lego Gyár", 146419510),
("Szombathelyi Lego Gyár", 146687705),
("Kaposfüredi Lego Gyár", 146352780),
("Monori Lego Gyár", 146120780),
("Karcagi Lego Gyár", 146077796),
("Kaposfüredi Lego Gyár", 146020472),
("Budapesti Lego Gyár", 146569013),
("Abonyi Lego Gyár", 146964261),
("Siófoki Lego Gyár", 146511238),
("Komáromi Lego Gyár", 146786491),
("Pécsi Lego Gyár", 146314830),
("Kaposvári Lego Gyár", 146649154),
("Szombathelyi Lego Gyár", 146953018),
("Bugaci Lego Gyár", 146176026),
("Miskolci Lego Gyár", 146476289),
("Komlói Lego Gyár", 146229592),
("Siófoki Lego Gyár", 146500828),
("Abonyi Lego Gyár", 146690214),
("Mezőcsáti Lego Gyár", 146410188),
("Székesfehérvári Lego Gyár", 146725887),
("Mátészalkai Lego Gyár", 146402529),
("Komáromi Lego Gyár", 146130271),
("Soproni Lego Gyár", 146050635),
("Tolnai Lego Gyár", 146183006),
("Szombathelyi Lego Gyár", 146454651),
("Esztergomi Lego Gyár", 146556483),
("Győri Lego Gyár", 146167451),
("Algyői Lego Gyár", 146874035),
("Komáromi Lego Gyár", 146085425),
("Vecsési Lego Gyár", 146351800),
("Karcagi Lego Gyár", 146087623),
("Komáromi Lego Gyár", 146569751),
("Karcagi Lego Gyár", 146671534),
("Győri Lego Gyár", 146891344),
("Kaposfüredi Lego Gyár", 146219993),
("Gyöngyösi Lego Gyár", 146416368),
("Algyői Lego Gyár", 146416591),
("Debreceni Lego Gyár", 146815006),
("Jázsberényi Lego Gyár", 146271955),
("Monori Lego Gyár", 146952654),
("Szegedi Lego Gyár", 146232551),
("Ceglédi Lego Gyár", 146724894),
("Nyíregyházai Lego Gyár", 146685002),
("Kaposfüredi Lego Gyár", 146700154),
("Örkényi Lego Gyár", 146706936),
("Monori Lego Gyár", 146965114);