INSERT INTO Alkalmazott
VALUES
(146588819, "Csülök Janka", "Csülök.Janka@gmail.com", 410489, "1990-9-10", "36703959625"),
(146530327, "Kiss Róbert", "Kiss.Róbert@gmail.com", 552126, "1931-10-14", "36302365856"),
(146877532, "Varga Mátyás", "Varga.Mátyás@gmail.com", 440808, "1974-3-20", "36302950523"),
(146734150, "Horváth József", "Horváth.József@gmail.com", 429367, "1985-12-25", "36705766331"),
(146560352, "Fekete László", "Fekete.László@gmail.com", 486353, "1931-6-10", "36701129888"),
(146683104, "Dán Krisztina", "Dán.Krisztina@gmail.com", 591937, "1992-12-5", "36704545214"),
(146566862, "Nagy Blanka", "Nagy.Blanka@gmail.com", 423214, "1931-8-11", "36205822617"),
(146702744, "Tóth Balázs", "Tóth.Balázs@gmail.com", 590492, "1970-8-6", "36708692021"),
(146905608, "Wenger Attila", "Wenger.Attila@gmail.com", 412701, "1985-6-26", "36709729775"),
(146328866, "Rácz Kristóf", "Rácz.Kristóf@gmail.com", 400080, "1954-2-23", "36202749850"),
(146244355, "Lakatos János", "Lakatos.János@gmail.com", 549431, "1948-7-19", "36702505591"),
(146030767, "Gál Ferenc", "Gál.Ferenc@gmail.com", 551179, "1949-6-22", "36708718471"),
(146479304, "Balog Ádám", "Balog.Ádám@gmail.com", 491293, "1991-2-25", "36207997466"),
(146896174, "Balogh Hunor", "Balogh.Hunor@gmail.com", 419430, "1965-3-4", "36303141957"),
(146115667, "Török Hanna", "Török.Hanna@gmail.com", 536183, "1965-8-27", "36305125497"),
(146205303, "Magyar Balázs", "Magyar.Balázs@gmail.com", 460087, "1932-7-5", "36708873570"),
(146307617, "Friss Zsigmond", "Friss.Zsigmond@gmail.com", 501098, "1997-2-23", "36208646063"),
(146543938, "Békés Csaba", "Békés.Csaba@gmail.com", 497241, "1931-12-28", "36304133632"),
(146650004, "Kasza Ferenc", "Kasza.Ferenc@gmail.com", 554043, "1952-7-12", "36709235891"),
(146074978, "Szabó Ádám", "Szabó.Ádám@gmail.com", 555953, "1994-10-19", "36303466002"),
(146156028, "Molnár Barnabás", "Molnár.Barnabás@gmail.com", 565924, "1972-9-14", "36706297008"),
(146591658, "Farkas Benedek", "Farkas.Benedek@gmail.com", 507520, "1936-4-9", "36306145566"),
(146194708, "Juhász Boldizsár", "Juhász.Boldizsár@gmail.com", 494656, "1975-12-26", "36205997688"),
(146530223, "Oláh Csongor", "Oláh.Csongor@gmail.com", 543250, "1931-10-22", "36703093753"),
(146725728, "Mészáros Dániel", "Mészáros.Dániel@gmail.com", 408908, "1952-2-20", "36304491190"),
(146656587, "Simon Nándor", "Simon.Nándor@gmail.com", 485693, "1947-7-15", "36701525121"),
(146232611, "Fehér Nolen", "Fehér.Nolen@gmail.com", 444609, "1944-2-16", "36308922428"),
(146306484, "Barna Olivér", "Barna.Olivér@gmail.com", 453581, "1991-9-9", "36706632243"),
(146113367, "Balázs Patrik", "Balázs.Patrik@gmail.com", 514499, "1996-9-27", "36308793368"),
(146493061, "Kovács Péter", "Kovács.Péter@gmail.com", 555385, "1941-8-23", "36205843092"),
(146044816, "Papp Aranka", "Papp.Aranka@gmail.com", 479879, "1962-5-10", "36303678508"),
(146493203, "Lukács Lili", "Lukács.Lili@gmail.com", 562185, "1977-3-18", "36304773196"),
(146776632, "Király Lilla", "Király.Lilla@gmail.com", 489037, "1960-6-24", "36705888972"),
(146855967, "Bogdán Péter", "Bogdán.Péter@gmail.com", 461432, "1986-7-12", "36207655945"),
(146446120, "Jakab Fruzsina", "Jakab.Fruzsina@gmail.com", 408614, "1964-9-5", "36303355011"),
(146868509, "Katona Kamilla", "Katona.Kamilla@gmail.com", 482391, "1952-12-7", "36206581474"),
(146761573, "Boros József", "Boros.József@gmail.com", 452690, "1965-4-1", "36307447859"),
(146331738, "Fazekas Franciska", "Fazekas.Franciska@gmail.com", 547976, "1942-12-12", "36702699639"),
(146092238, "Deák Simon", "Deák.Simon@gmail.com", 533317, "1989-12-9", "36301423752"),
(146767852, "Mezei Anikó", "Mezei.Anikó@gmail.com", 436982, "1964-6-1", "36209173105"),
(146033233, "Barta Gábor", "Barta.Gábor@gmail.com", 421542, "1964-8-13", "36701849539"),
(146043709, "Bartók Béla", "Bartók.Béla@gmail.com", 458765, "1947-5-21", "36202029438"),
(146303191, "Bartha Dóra", "Bartha.Dóra@gmail.com", 462919, "1984-9-10", "36207986439"),
(146745367, "Csabai Csaba", "Csabai.Csaba@gmail.com", 495757, "2000-12-22", "36309943494"),
(146078539, "Illés Mihály", "Illés.Mihály@gmail.com", 401565, "1991-12-9", "36703686539"),
(146632167, "Székely Kamilla", "Székely.Kamilla@gmail.com", 537716, "1952-12-3", "36201436760"),
(146372758, "Budai Csaba", "Budai.Csaba@gmail.com", 518805, "1968-7-15", "36705181946"),
(146870315, "Nemes Nimród", "Nemes.Nimród@gmail.com", 543452, "1981-8-3", "36203590794"),
(146628928, "Pataki Szilárd", "Pataki.Szilárd@gmail.com", 498830, "1980-8-10", "36209686529"),
(146286001, "Tóth Lóránt", "Tóth.Lóránt@gmail.com", 475021, "1958-6-7", "36707039213"),
(146626013, "Faragó Martin", "Faragó.Martin@gmail.com", 490216, "1983-4-28", "36704353480"),
(146884758, "Kerekes Márk", "Kerekes.Márk@gmail.com", 488968, "1955-3-18", "36302874012"),
(146290566, "Lőrincz Kevin", "Lőrincz.Kevin@gmail.com", 430146, "1953-3-19", "36201029151"),
(146194429, "Koczka Kolos", "Koczka.Kolos@gmail.com", 520600, "1953-9-28", "36201780816"),
(146218917, "Hegedűs Károly", "Hegedűs.Károly@gmail.com", 427976, "1937-4-4", "36703198723"),
(146266177, "Hajdu László", "Hajdu.László@gmail.com", 593791, "1957-2-12", "36707697525"),
(146049312, "Hajdú István", "Hajdú.István@gmail.com", 471897, "1960-9-17", "36709958907"),
(146224376, "Bálint Béla", "Bálint.Béla@gmail.com", 415296, "1947-7-23", "36704884251"),
(146848079, "Vass Vica", "Vass.Vica@gmail.com", 485202, "1969-12-19", "36206992571"),
(146304956, "Köteles Zsombor", "Köteles.Zsombor@gmail.com", 451245, "1994-7-21", "36701219508"),
(146181774, "Zoboki Zoltán", "Zoboki.Zoltán@gmail.com", 588556, "1936-4-3", "36202306059"),
(146243515, "Patyi Csenge", "Patyi.Csenge@gmail.com", 579086, "1930-6-10", "36209950866"),
(146063402, "Fülöp Norbert", "Fülöp.Norbert@gmail.com", 569983, "1985-4-4", "36704762874"),
(146542941, "Hegyi Antal ", "Hegyi.Antal@gmail.com", 566810, "1938-10-18", "36207699200"),
(146103257, "Somogyi Rita", "Somogyi.Rita@gmail.com", 502706, "1943-11-23", "36701383417"),
(146133703, "Váradi Miklós", "Váradi.Miklós@gmail.com", 430861, "1948-9-12", "36206441076"),
(146530586, "Bogdán Veronika", "Bogdán.Veronika@gmail.com", 508250, "1969-4-6", "36703173983"),
(146406314, "Kelemen István", "Kelemen.István@gmail.com", 426659, "1945-8-5", "36306749495"),
(146108729, "Vincze Elek", "Vincze.Elek@gmail.com", 595230, "1966-6-6", "36302262323"),
(146381894, "Orosz Ráchel", "Orosz.Ráchel@gmail.com", 565247, "1971-7-4", "36709367293"),
(146695605, "Antal Ferenc", "Antal.Ferenc@gmail.com", 503150, "1972-9-15", "36701111200"),
(146292795, "Forgács Luca", "Forgács.Luca@gmail.com", 511881, "1961-6-12", "36307272490"),
(146380237, "Lévárdi Melinda", "Lévárdi.Melinda@gmail.com", 594815, "1946-8-11", "36301224765"),
(146178162, "Gyetvai Attila", "Gyetvai.Attila@gmail.com", 550680, "1947-3-25", "36302338226"),
(146715017, "Mészáros Károly", "Mészáros.Károly@gmail.com", 595284, "1985-1-21", "36207396380"),
(146617544, "Szűcs Csongor", "Szűcs.Csongor@gmail.com", 522049, "1993-8-23", "36308343399"),
(146416739, "Halász János", "Halász.János@gmail.com", 414172, "1932-10-26", "36301014912"),
(146852163, "Pásztor Marcell", "Pásztor.Marcell@gmail.com", 471874, "1993-10-16", "36705656983"),
(146762352, "Bakos Berta", "Bakos.Berta@gmail.com", 471569, "1964-8-10", "36706200002"),
(146582987, "Bajáki Pál", "Bajáki.Pál@gmail.com", 531435, "1955-9-6", "36707864237"),
(146363827, "Bende Kornél", "Bende.Kornél@gmail.com", 466836, "1931-7-22", "36207852809"),
(146682535, "Magyar Patrik", "Magyar.Patrik@gmail.com", 442556, "1962-12-1", "36208765689"),
(146617048, "Miller Gábor", "Miller.Gábor@gmail.com", 578604, "1952-3-12", "36208696724"),
(146252398, "Ficsúr Fülöp", "Ficsúr.Fülöp@gmail.com", 480654, "1999-6-22", "36208503768"),
(146413690, "Piskóta Erik", "Piskóta.Erik@gmail.com", 534094, "1936-9-13", "36205395019"),
(146025190, "Kassai Erik", "Kassai.Erik@gmail.com", 574938, "1943-10-20", "36701718355"),
(146145061, "Mónus József", "Mónus.József@gmail.com", 406980, "1976-4-21", "36709693443"),
(146764151, "Rehák Botond", "Rehák.Botond@gmail.com", 408380, "1966-10-23", "36702002859"),
(146930910, "Retek Benjámin", "Retek.Benjámin@gmail.com", 406495, "1939-1-28", "36703419601"),
(146542311, "Kelepes Zoltán", "Kelepes.Zoltán@gmail.com", 473642, "1949-7-26", "36306326726"),
(146018331, "Gyulai Csaba", "Gyulai.Csaba@gmail.com", 427037, "1958-9-13", "36701966035"),
(146368367, "Szegedi István", "Szegedi.István@gmail.com", 466318, "1938-1-15", "36706845848"),
(146628567, "Seprű László", "Seprű.László@gmail.com", 513915, "1995-8-10", "36301848519"),
(146842213, "Avas Amanda", "Avas.Amanda@gmail.com", 411014, "1983-9-24", "36706424747"),
(146666690, "Plank Tamás ", "Plank.Tamás@gmail.com", 474415, "1984-10-10", "36307712387"),
(146906715, "Ring Erika", "Ring.Erika@gmail.com", 423232, "1935-5-4", "36206062885"),
(146700882, "Krepp Imre", "Krepp.Imre@gmail.com", 402632, "1998-6-2", "36309223696"),
(146798639, "Elekes Gergő", "Elekes.Gergő@gmail.com", 471507, "1993-7-28", "36302585060"),
(146080113, "Drankó Herold", "Drankó.Herold@gmail.com", 528783, "2000-8-28", "36307315089"),
(146959517, "Csapó Elemér", "Csapó.Elemér@gmail.com", 470194, "1946-3-14", "36707496665");

INSERT INTO Gyár
VALUES
("Győri Lego Gyár", 3577008, 2016, "Győr", 2056274697),
("Gyöngyösi Lego Gyár", 2884713, 1938, "Gyöngyös", 2034849159),
("Tatai Lego Gyár", 2543216, 1943, "Tata", 2051839076),
("Budapesti Lego Gyár", 3838095, 1973, "Budapest", 2146418283),
("Komlói Lego Gyár", 3413496, 1974, "Komló", 2076461305),
("Kaposfüredi Lego Gyár", 3222796, 1951, "Kaposfüred", 2003930385),
("Örkényi Lego Gyár", 3823558, 2003, "Örkény", 2129562362),
("Soproni Lego Gyár", 3201705, 1960, "Sopron", 2069042248),
("Kaposvári Lego Gyár", 2515212, 2001, "Kaposvár", 2133323266),
("Zalaegerszegi Lego Gyár", 2968985, 1966, "Zalaegerszeg", 2021346564),
("Kecskeméti Lego Gyár", 3616028, 1995, "Kecskemét", 2049323486),
("Szombathelyi Lego Gyár", 2789023, 2006, "Szombathely", 2071895847),
("Karcagi Lego Gyár", 2618587, 1931, "Karcag", 2099087781),
("Esztergomi Lego Gyár", 3253880, 2006, "Esztergom", 2087754729),
("Mezőcsáti Lego Gyár", 3981207, 2008, "Mezőcsát", 2144578932),
("Dunaújvárosi Lego Gyár", 3453285, 1998, "Dunaújváros", 2002558880),
("Keszthelyi Lego Gyár", 3393395, 1944, "Keszthely", 2055786969),
("Pápai Lego Gyár", 3901653, 1946, "Pápa", 2084987356),
("Gyáli Lego Gyár", 3132659, 1923, "Gyál", 2115790430),
("Miskei Lego Gyár", 2994660, 1932, "Miske", 2135804788),
("Mátészalkai Lego Gyár", 2983815, 1938, "Mátészalka", 2011849679),
("Kazincbarcikai Lego Gyár", 3283240, 1980, "Kazincbarcika", 2031822737),
("Szentesi Lego Gyár", 2638115, 1937, "Szentes", 2086375693),
("Kisbéri Lego Gyár", 3233013, 1984, "Kisbér", 2101043784),
("Törökszentmiklósi Lego Gyár", 3885523, 2018, "Törökszentmiklós", 2067363110),
("Abonyi Lego Gyár", 3147454, 1928, "Abony", 2004273648),
("Vecsési Lego Gyár", 2797631, 1937, "Vecsés", 2060618081),
("Pécsi Lego Gyár", 3298184, 2008, "Pécs", 2126748272),
("Kapuvári Lego Gyár", 3209324, 1953, "Kapuvár", 2033772670),
("Bugaci Lego Gyár", 3808031, 1936, "Bugac", 2144944890),
("Ceglédi Lego Gyár", 3982021, 1956, "Cegléd", 2033018957),
("Algyői Lego Gyár", 2510920, 1922, "Algyő", 2137253364),
("Bajai Lego Gyár", 3153346, 1974, "Baja", 2132620167),
("Székesfehérvári Lego Gyár", 3300129, 1950, "Székesfehérvár", 2132838422),
("Szolnoki Lego Gyár", 2806809, 1927, "Szolnok", 2133084058),
("Sárbogárdi Lego Gyár", 2505542, 1992, "Sárbogárd", 2094651200),
("Jázsberényi Lego Gyár", 3090752, 1978, "Jázsberény", 2105946040),
("Nyíregyházai Lego Gyár", 3065066, 1992, "Nyíregyháza", 2126981658),
("Szegedi Lego Gyár", 3361968, 1936, "Szeged", 2011497566),
("Gyulai Lego Gyár", 3491150, 1937, "Gyula", 2004475339),
("Csáfordi Lego Gyár", 3992335, 1929, "Csáford", 2012228680);

INSERT INTO Beosztás
VALUES
(146588819, "Győri Lego Gyár"),
(146530327, "Gyöngyösi Lego Gyár"),
(146877532, "Tatai Lego Gyár"),
(146734150, "Budapesti Lego Gyár"),
(146560352, "Komlói Lego Gyár"),
(146683104, "Tatai Lego Gyár"),
(146566862, "Kaposfüredi Lego Gyár"),
(146702744, "Örkényi Lego Gyár"),
(146905608, "Soproni Lego Gyár"),
(146328866, "Komlói Lego Gyár"),
(146244355, "Kaposvári Lego Gyár"),
(146030767, "Zalaegerszegi Lego Gyár"),
(146479304, "Kecskeméti Lego Gyár"),
(146896174, "Szombathelyi Lego Gyár"),
(146115667, "Karcagi Lego Gyár"),
(146205303, "Esztergomi Lego Gyár"),
(146307617, "Karcagi Lego Gyár"),
(146543938, "Mezőcsáti Lego Gyár"),
(146650004, "Dunaújvárosi Lego Gyár"),
(146074978, "Keszthelyi Lego Gyár"),
(146156028, "Pápai Lego Gyár"),
(146591658, "Gyáli Lego Gyár"),
(146194708, "Esztergomi Lego Gyár"),
(146530223, "Karcagi Lego Gyár"),
(146725728, "Miskei Lego Gyár"),
(146656587, "Szombathelyi Lego Gyár"),
(146232611, "Győri Lego Gyár"),
(146306484, "Komlói Lego Gyár"),
(146113367, "Mátészalkai Lego Gyár"),
(146493061, "Kazincbarcikai Lego Gyár"),
(146044816, "Szentesi Lego Gyár"),
(146493203, "Győri Lego Gyár"),
(146776632, "Kisbéri Lego Gyár"),
(146855967, "Pápai Lego Gyár"),
(146446120, "Törökszentmiklósi Lego Gyár"),
(146868509, "Soproni Lego Gyár"),
(146761573, "Szombathelyi Lego Gyár"),
(146331738, "Miskei Lego Gyár"),
(146092238, "Pápai Lego Gyár"),
(146767852, "Gyöngyösi Lego Gyár"),
(146033233, "Abonyi Lego Gyár"),
(146043709, "Esztergomi Lego Gyár"),
(146303191, "Vecsési Lego Gyár"),
(146745367, "Abonyi Lego Gyár"),
(146078539, "Abonyi Lego Gyár"),
(146632167, "Vecsési Lego Gyár"),
(146372758, "Dunaújvárosi Lego Gyár"),
(146870315, "Törökszentmiklósi Lego Gyár"),
(146628928, "Pécsi Lego Gyár"),
(146286001, "Gyáli Lego Gyár"),
(146626013, "Kapuvári Lego Gyár"),
(146884758, "Miskei Lego Gyár"),
(146290566, "Bugaci Lego Gyár"),
(146194429, "Abonyi Lego Gyár"),
(146218917, "Kecskeméti Lego Gyár"),
(146266177, "Szombathelyi Lego Gyár"),
(146049312, "Mezőcsáti Lego Gyár"),
(146224376, "Pécsi Lego Gyár"),
(146848079, "Soproni Lego Gyár"),
(146304956, "Ceglédi Lego Gyár"),
(146181774, "Szentesi Lego Gyár"),
(146243515, "Kisbéri Lego Gyár"),
(146063402, "Algyői Lego Gyár"),
(146542941, "Bajai Lego Gyár"),
(146103257, "Szombathelyi Lego Gyár"),
(146133703, "Kazincbarcikai Lego Gyár"),
(146530586, "Székesfehérvári Lego Gyár"),
(146406314, "Kecskeméti Lego Gyár"),
(146108729, "Szolnoki Lego Gyár"),
(146381894, "Székesfehérvári Lego Gyár"),
(146695605, "Kapuvári Lego Gyár"),
(146292795, "Ceglédi Lego Gyár"),
(146380237, "Mezőcsáti Lego Gyár"),
(146178162, "Szombathelyi Lego Gyár"),
(146715017, "Sárbogárdi Lego Gyár"),
(146617544, "Szolnoki Lego Gyár"),
(146416739, "Kecskeméti Lego Gyár"),
(146852163, "Keszthelyi Lego Gyár"),
(146762352, "Jázsberényi Lego Gyár"),
(146582987, "Nyíregyházai Lego Gyár"),
(146363827, "Dunaújvárosi Lego Gyár"),
(146682535, "Szegedi Lego Gyár"),
(146617048, "Ceglédi Lego Gyár"),
(146252398, "Kaposfüredi Lego Gyár"),
(146413690, "Abonyi Lego Gyár"),
(146025190, "Tatai Lego Gyár"),
(146145061, "Gyulai Lego Gyár"),
(146764151, "Kecskeméti Lego Gyár"),
(146930910, "Kisbéri Lego Gyár"),
(146542311, "Esztergomi Lego Gyár"),
(146018331, "Gyulai Lego Gyár"),
(146368367, "Pápai Lego Gyár"),
(146628567, "Keszthelyi Lego Gyár"),
(146842213, "Dunaújvárosi Lego Gyár"),
(146666690, "Budapesti Lego Gyár"),
(146906715, "Pápai Lego Gyár"),
(146700882, "Sárbogárdi Lego Gyár"),
(146798639, "Szombathelyi Lego Gyár"),
(146080113, "Csáfordi Lego Gyár"),
(146959517, "Kazincbarcikai Lego Gyár");

